programme	start_time	end_time	eventyay_id	author
Welcome and Opening Remarks	00:10:59	00:33:34	7NXGTK	Chinmayee Mishra, Jinoy Tom Jacob
WikiConference India: Programme Vision	00:33:52	00:52:51	JGCFCR	
Address by the Board of the Wikimedia Foundation	00:52:52	01:00:48	FWLP9F	
State of Indic Language Wikis	01:00:52	01:30:52	ZJNTFV	
Wikimedians of Kerala	01:31:41	01:35:42		
Wikimedia CEO Video	01:37:45	01:42:16		
Cultural Performance - Margam Kali	01:43:26	01:53:16		
Who Leads the Commons? Women in Wikimedia	02:32:23	03:36:55	ZUXGSP	
Schoolwiki - The largest School Database in a wiki	05:43:40	06:19:36	CAKP9P	
The Future of the Commons in the Age of Data-Driven Technologies	06:22:27	06:44:18	UFGGLM	
Wikipedia on Demand: time to build the Wikipedia your partnerships demand!	06:45:10	07:01:14	3USNRG	
Knowledge in Action! : Wiki communities join hands with Civil Society initiatives	07:21:19	08:05:33	T8VEWM	
Want to start a Wiki Club :Learn from Our Journey	08:28:49	08:35:42	XPC9NE	
Marhaba from the Gulf: Building Wikimedia Education Communities in the UAE	08:36:06	08:41:04	AADN8Y	
Beyond the Contest: How Wiki Loves Folklore Became a Movement for Preserving Living Heritage	08:41:16	08:55:21	URKL73	
Wiki Loves Folklore - A movement for Preserving Living Heritage	08:55:22	08:57:39	PNBQ8P	
